<?xml version="1.0" encoding="UTF-8"?>
<project-private xmlns="http://www.netbeans.org/ns/project-private/1">
    <editor-bookmarks xmlns="http://www.netbeans.org/ns/editor-bookmarks/2" lastBookmarkId="0"/>
    <open-files xmlns="http://www.netbeans.org/ns/projectui-open-files/2">
        <group>
            <file>file:/C:/wamp64/www/Project/includes/login.php</file>
            <file>file:/C:/wamp64/www/Project/includes/footer.php</file>
            <file>file:/C:/wamp64/www/Project/signup.php</file>
            <file>file:/C:/wamp64/www/Project/settings.php</file>
            <file>file:/C:/wamp64/www/Project/contact.php</file>
            <file>file:/C:/wamp64/www/Project/signup_script.php</file>
            <file>file:/C:/wamp64/www/Project/settings_script.php</file>
            <file>file:/C:/wamp64/www/Project/includes/header.php</file>
        </group>
    </open-files>
</project-private>
