<?xml version="1.0" encoding="UTF-8"?>
<project-private xmlns="http://www.netbeans.org/ns/project-private/1">
    <editor-bookmarks xmlns="http://www.netbeans.org/ns/editor-bookmarks/2" lastBookmarkId="0"/>
    <open-files xmlns="http://www.netbeans.org/ns/projectui-open-files/2">
        <group>
            <file>file:/C:/wamp64/www/myproject/tesr.php</file>
            <file>file:/C:/wamp64/www/myproject/website/cushion/20.jpg</file>
            <file>file:/C:/wamp64/www/myproject/success.php</file>
            <file>file:/C:/wamp64/www/myproject/cartimg.php</file>
            <file>file:/C:/wamp64/www/myproject/website/cushion/2.jpg</file>
            <file>file:/C:/wamp64/www/myproject/products.php</file>
            <file>file:/C:/wamp64/www/myproject/store.css</file>
            <file>file:/C:/wamp64/www/myproject/cart.php</file>
            <file>file:/C:/wamp64/www/myproject/header.php</file>
            <file>file:/C:/wamp64/www/myproject/website/cushion/11.jpg</file>
            <file>file:/C:/wamp64/www/myproject/common.php</file>
            <file>file:/C:/wamp64/www/myproject/cart_remove.php</file>
            <file>file:/C:/wamp64/www/myproject/website/cushion/16.jpg</file>
            <file>file:/C:/wamp64/www/myproject/website/cushion/12.jpg</file>
            <file>file:/C:/wamp64/www/myproject/website/cushion/21.jpg</file>
            <file>file:/C:/wamp64/www/myproject/login.php</file>
            <file>file:/C:/wamp64/www/myproject/index.php</file>
            <file>file:/C:/wamp64/www/myproject/description.php</file>
            <file>file:/C:/wamp64/www/myproject/logout.php</file>
            <file>file:/C:/wamp64/www/myproject/login_submit.php</file>
            <file>file:/C:/wamp64/www/myproject/website/cushion/14.jpg</file>
            <file>file:/C:/wamp64/www/myproject/settings.php</file>
            <file>file:/C:/wamp64/www/myproject/check-if-added.php</file>
            <file>file:/C:/wamp64/www/myproject/contact.php</file>
            <file>file:/C:/wamp64/www/myproject/website/cushion/22.jpg</file>
            <file>file:/C:/wamp64/www/myproject/signup.php</file>
            <file>file:/C:/wamp64/www/myproject/cart-add.php</file>
            <file>file:/C:/wamp64/www/myproject/p.php</file>
            <file>file:/C:/wamp64/www/myproject/settings_script.php</file>
            <file>file:/C:/wamp64/www/myproject/signup_script.php</file>
            <file>file:/C:/wamp64/www/myproject/website/cushion/9.jpg</file>
            <file>file:/C:/wamp64/www/myproject/website/cushion/10.jpg</file>
        </group>
    </open-files>
</project-private>
